{"cameraMode":{"drawMode":0,"name":"Shaded","section":"Shading Mode"},"sceneLighting":true,"audioPlay":false,"sceneViewState":{"m_AlwaysRefresh":false,"showFog":true,"showSkybox":true,"showFlares":true,"showImageEffects":true,"showParticleSystems":true,"showVisualEffectGraphs":true,"m_FxEnabled":true},"in2DMode":false,"pivot":{"x":54.09808349609375,"y":2.8014719486236574,"z":39.82640075683594},"rotation":{"x":0.08033038675785065,"y":-0.11932015419006348,"z":0.009684093296527863,"w":0.9895573854446411},"size":0.27165359258651736,"orthographic":false}