{"cameraMode":{"drawMode":0,"name":"Shaded","section":"Shading Mode"},"sceneLighting":false,"audioPlay":false,"sceneViewState":{"m_AlwaysRefresh":false,"showFog":true,"showSkybox":false,"showFlares":true,"showImageEffects":true,"showParticleSystems":true,"showVisualEffectGraphs":true,"m_FxEnabled":true},"in2DMode":false,"pivot":{"x":55.35087585449219,"y":1.0641025304794312,"z":45.063697814941409},"rotation":{"x":0.025913765653967859,"y":0.9573606252670288,"z":0.09135502576828003,"w":-0.27297478914260867},"size":1.829287052154541,"orthographic":false}